{
  "google_maps": "AIzaSyAT1TiaeIRM3tKziFwWWvdgpAJwQ1QjwJY",
  "google_places": "AIzaSyAT1TiaeIRM3tKziFwWWvdgpAJwQ1QjwJY",
  "google_geocoding": "AIzaSyAT1TiaeIRM3tKziFwWWvdgpAJwQ1QjwJY",
  "google_directions": "AIzaSyAT1TiaeIRM3tKziFwWWvdgpAJwQ1QjwJY",
  "google_distance_matrix": "AIzaSyAT1TiaeIRM3tKziFwWWvdgpAJwQ1QjwJY",
  "openai": "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",
  "government_taipei": "",
  "government_ntpc": "",
  "government_taichung": ""
}
